create table student
(
    ID             varchar(9) primary key,
    PWD            varchar(20) not null,
    Name           varchar(10) not null,
    Class          varchar(7)  not null,
    Sex            varchar(2)  not null,
    Date_of_Birth  date        not null,
    Age            varchar(2)  not null,
    Admission_Time date        not null,
    Birth_Place    varchar(50) not null,
    ID_Card        varchar(20),
    dormitory      varchar(10),
    check ( Sex = '男' or Sex = '女')
);

create table teacher
(
    ID            varchar(9) primary key,
    PWD           varchar(20) not null,
    Name          varchar(10) not null,
    Sex           varchar(2)  not null,
    Date_of_Birth date        not null,
    Age           varchar(2)  not null,
    Entry_Time    date        not null,
    Birth_Place   varchar(50) not null,
    Phone         varchar(15) not null,
    check ( Sex = '男' or Sex = '女')
);

create table course
(
    ID          varchar(9) primary key,
    Name        varchar(10) not null,
    Course_Type varchar(5)  not null,
    Start_Time  varchar(2)  not null,
    Teacher_ID  varchar(9),
    foreign key (Teacher_ID) references teacher (ID),
    check ( Course_Type = '必修' or Course_Type = '选修')
);

create table electoral
(
    Student_ID varchar(9) ,
    Course_ID  varchar(9) not null,
    foreign key (Student_ID) references student (ID),
    foreign key (Course_ID) references course (ID)
);

create table score
(
    Student_ID varchar(9) primary key,
    Course_ID  varchar(9) not null,
    Score      varchar(4) not null,
    foreign key (Student_ID) references student (ID),
    foreign key (Course_ID) references course (ID)
);

insert into teacher(ID, Name, Sex, Date_of_Birth, Age, Entry_Time, Phone, ID_Card, Birth_Place, Control)
values ('2019061', '王秀丽1', '男', '1985-02-03', '34', '2019-06-01', '111111111111', '111111121111111', 'dfgdfgdf', 0),
       ('2019002', '王秀丽2', '男', '1985-02-03', '34', '2019-06-01', '111111111111', '111111131111111', 'dfgdfgdf', 0),
       ('2019003', '王秀丽3', '男', '1985-02-03', '34', '2019-06-01', '111111111111', '111111141111111', 'dfgdfgdf', 0),
       ('2019004', '王秀丽4', '男', '1985-02-03', '34', '2019-06-01', '111111111111', '111111112111111', 'dfgdfgdf', 0),
       ('2019005', '王秀丽5', '男', '1985-02-03', '34', '2019-06-01', '111111111111', '111111113111111', 'dfgdfgdf', 0),
       ('2019006', '王秀丽6', '男', '1985-02-03', '34', '2019-06-01', '111111111111', '111111114111111', 'dfgdfgdf', 0),
       ('2019007', '王秀丽7', '女', '1985-02-03', '34', '2019-06-01', '111111111111', '111111115111111', 'dfgdfgdf', 0),
       ('2019008', '王秀丽8', '男', '1985-02-03', '34', '2019-06-01', '111111111111', '111111116111111', 'dfgdfgdf', 0),
       ('2019009', '王秀丽9', '男', '1985-02-03', '34', '2019-06-01', '111111111111', '111111117111111', 'dfgdfgdf', 0),
       ('2019010', '王秀丽10', '女', '1985-02-03', '34', '2019-06-01', '111111111111', '111111181111111', 'dfgdfgdf', 0),
       ('2019011', '王秀丽11', '女', '1985-02-03', '34', '2019-06-01', '111111111111', '111111191111111', 'dfgdfgdf', 1),
       ('2019012', '王秀丽12', '男', '1985-02-03', '34', '2019-06-01', '111111111111', '111121111111111', 'dfgdfgdf', 0),
       ('2019013', '王秀丽13', '女', '1985-02-03', '34', '2019-06-01', '111111111111', '111131111111111', 'dfgdfgdf', 0),
       ('2019014', '王秀丽14', '男', '1985-02-03', '34', '2019-06-01', '111111111111', '111114111111111', 'dfgdfgdf', 0),
       ('2019015', '王秀丽15', '女', '1985-02-03', '34', '2019-06-01', '111111111111', '111151111111111', 'dfgdfgdf', 0),
       ('2019016', '王秀丽16', '男', '1985-02-03', '34', '2019-06-01', '111111111111', '111116111111111', 'dfgdfgdf', 0),
       ('2019017', '王秀丽17', '男', '1985-02-03', '34', '2019-06-01', '111111111111', '111117111111111', 'dfgdfgdf', 0),
       ('2019018', '王秀丽18', '女', '1985-02-03', '34', '2019-06-01', '111111111111', '111118111111111', 'dfgdfgdf', 0),
       ('2019019', '王秀丽19', '男', '1985-02-03', '34', '2019-06-01', '111111111111', '111191111111111', 'dfgdfgdf', 0),
       ('2019020', '王秀丽20', '男', '1985-02-03', '34', '2019-06-01', '111111111111', '111111111111112', 'dfgdfgdf', 0),
       ('2019021', '王秀丽21', '男', '1985-02-03', '34', '2019-06-01', '111111111111', '111111111111211', 'dfgdfgdf', 0),
       ('2019022', '王秀丽22', '男', '1985-02-03', '34', '2019-06-01', '111111111111', '111111111111311', 'dfgdfgdf', 0),
       ('2019023', '王秀丽23', '女', '1985-02-03', '34', '2019-06-01', '111111111111', '111111111111411', 'dfgdfgdf', 0),
       ('2019024', '王秀丽24', '女', '1985-02-03', '34', '2019-06-01', '111111111111', '111111111111151', 'dfgdfgdf', 0),
       ('2019025', '王秀丽25', '男', '1985-02-03', '34', '2019-06-01', '111111111111', '111111111111161', 'dfgdfgdf', 0),
       ('2019026', '王秀丽26', '女', '1985-02-03', '34', '2019-06-01', '111111111111', '111111111111711', 'dfgdfgdf', 0),
       ('2019027', '王秀丽27', '女', '1985-02-03', '34', '2019-06-01', '111111111111', '111111111111181', 'dfgdfgdf', 1),
       ('2019028', '王秀丽28', '女', '1985-02-03', '34', '2019-06-01', '111111111111', '111111111111191', 'dfgdfgdf', 0),
       ('2019029', '王秀丽28', '女', '1985-02-03', '34', '2019-06-01', '111111111111', '111111111231111', 'dfgdfgdf', 0),
       ('2019030', '王秀丽29', '男', '1985-02-03', '34', '2019-06-01', '111111111111', '111111111241111', 'dfgdfgdf', 0),
       ('2019031', '王兰花1', '女', '1985-02-03', '34', '2019-06-01', '111111111111', '111111111125111', 'dfgdfgdf', 0),
       ('2019032', '王兰花2', '女', '1985-02-03', '34', '2019-06-01', '111111111111', '111111111122111', 'dfgdfgdf', 0),
       ('2019033', '王兰花3', '女', '1985-02-03', '34', '2019-06-01', '111111111111', '111111111261111', 'dfgdfgdf', 0),
       ('2019034', '王兰花4', '女', '1985-02-03', '34', '2019-06-01', '111111111111', '111111111127111', 'dfgdfgdf', 0),
       ('2019035', '王兰花5', '女', '1985-02-03', '34', '2019-06-01', '111111111111', '111111111128111', 'dfgdfgdf', 0),
       ('2019036', '王兰花6', '女', '1985-02-03', '34', '2019-06-01', '111111111111', '111111111129111', 'dfgdfgdf', 0),
       ('2019037', '王兰花7', '女', '1985-02-03', '34', '2019-06-01', '111111111111', '111113311111111', 'dfgdfgdf', 0),
       ('2019038', '王兰花8', '女', '1985-02-03', '34', '2019-06-01', '111111111111', '111113411111111', 'dfgdfgdf', 0),
       ('2019039', '王兰花9', '男', '1985-02-03', '34', '2019-06-01', '111111111111', '111113511111111', 'dfgdfgdf', 0),
       ('2019040', '王兰花10', '女', '1985-02-03', '34', '2019-06-01', '111111111111', '111136111111111', 'dfgdfgdf', 0),
       ('2019041', '王兰花11', '女', '1985-02-03', '34', '2019-06-01', '111111111111', '111137111111111', 'dfgdfgdf', 1),
       ('2019042', '王兰花12', '女', '1985-02-03', '34', '2019-06-01', '111111111111', '111381111111111', 'dfgdfgdf', 0),
       ('2019043', '王兰花13', '女', '1985-02-03', '34', '2019-06-01', '111111111111', '111391111111111', 'dfgdfgdf', 0),
       ('2019044', '王兰花14', '女', '1985-02-03', '34', '2019-06-01', '111111111111', '111112221111111', 'dfgdfgdf', 0),
       ('2019045', '王兰花15', '女', '1985-02-03', '34', '2019-06-01', '111111111111', '111112211111111', 'dfgdfgdf', 0),
       ('2019046', '王兰花16', '男', '1985-02-03', '34', '2019-06-01', '111111111111', '111112231111111', 'dfgdfgdf', 1),
       ('2019047', '王兰花17', '女', '1985-02-03', '34', '2019-06-01', '111111111111', '111112241111111', 'dfgdfgdf', 0),
       ('2019048', '王兰花18', '女', '1985-02-03', '34', '2019-06-01', '111111111111', '111112251111111', 'dfgdfgdf', 0),
       ('2019049', '王兰花19', '女', '1985-02-03', '34', '2019-06-01', '111111111111', '111112261111111', 'dfgdfgdf', 0),
       ('2019050', '王兰花20', '女', '1985-02-03', '34', '2019-06-01', '111111111111', '111112271111111', 'dfgdfgdf', 0),
       ('2019051', '王兰花21', '女', '1985-02-03', '34', '2019-06-01', '111111111111', '111112281111111', 'dfgdfgdf', 0),
       ('2019052', '王兰花22', '女', '1985-02-03', '34', '2019-06-01', '111111111111', '111112291111111', 'dfgdfgdf', 0),
       ('2019053', '王兰花23', '男', '1985-02-03', '34', '2019-06-01', '111111111111', '111112301111111', 'dfgdfgdf', 0),
       ('2019054', '王兰花24', '女', '1985-02-03', '34', '2019-06-01', '111111111111', '111112311111111', 'dfgdfgdf', 1),
       ('2019055', '王兰花25', '女', '1985-02-03', '34', '2019-06-01', '111111111111', '111112341111111', 'dfgdfgdf', 0),
       ('2019056', '王兰花26', '男', '1985-02-03', '34', '2019-06-01', '111111111111', '111112581111111', 'dfgdfgdf', 0),
       ('2019057', '王兰花27', '女', '1985-02-03', '34', '2019-06-01', '111111111111', '111113681111111', 'dfgdfgdf', 0),
       ('2019058', '王兰花28', '男', '1985-02-03', '34', '2019-06-01', '111111111111', '111148611111111', 'dfgdfgdf', 0),
       ('2019059', '王兰花29', '男', '1985-02-03', '34', '2019-06-01', '111111111111', '111115971111111', 'dfgdfgdf', 0),
       ('2019060', '王兰花30', '男', '1985-02-03', '34', '2019-06-01', '111111111111', '111155511111111', 'dfgdfgdf', 0);
insert into student(ID, Name, Class, Sex, Date_of_Birth, Age, Admission_Time, ID_Card, Birth_Place, dormitory)
values ('20190001', '张三', '7#1', '男', '2007-02-03', '12', '2019-09-01', '012345678922345678', 'asdasfasf', '北1#101'),
       ('20190002', '张三', '7#1', '男', '2007-02-03', '12', '2019-09-01', '012345678312345678', 'asdasfasf', '北1#101'),
       ('20190003', '张三', '7#1', '男', '2007-02-03', '12', '2019-09-01', '012345678412345678', 'asdasfasf', '北1#101'),
       ('20190004', '张三', '7#1', '男', '2007-02-03', '12', '2019-09-01', '012345678512345678', 'asdasfasf', '北1#101'),
       ('20190005', '张三', '7#1', '男', '2007-02-03', '12', '2019-09-01', '012345678612345678', 'asdasfasf', '北1#101'),
       ('20190006', '张三', '7#1', '男', '2007-02-03', '12', '2019-09-01', '012345678712345678', 'asdasfasf', '北1#101'),
       ('20190007', '张三', '7#1', '男', '2007-02-03', '12', '2019-09-01', '012345678812345678', 'asdasfasf', '北1#101'),
       ('20190008', '张三', '7#1', '男', '2007-02-03', '12', '2019-09-01', '012345678912345678', 'asdasfasf', '北1#101'),
       ('20190009', '张三', '7#1', '男', '2007-02-03', '12', '2019-09-01', '012345671912345678', 'asdasfasf', '北1#102'),
       ('20190010', '张三', '7#1', '男', '2007-02-03', '12', '2019-09-01', '112345672912345678', 'asdasfasf', '北1#102'),
       ('20190011', '张三', '7#1', '男', '2007-02-03', '12', '2019-09-01', '112345673912345678', 'asdasfasf', '北1#102'),
       ('20190012', '张三', '7#1', '男', '2007-02-03', '12', '2019-09-01', '112345674912345678', 'asdasfasf', '北1#102'),
       ('20190013', '张三', '7#1', '男', '2007-02-03', '12', '2019-09-01', '112345675912345678', 'asdasfasf', '北1#102'),
       ('20190014', '张三', '7#1', '男', '2007-02-03', '12', '2019-09-01', '112345676912345678', 'asdasfasf', '北1#102'),
       ('20190015', '张三', '7#1', '男', '2007-02-03', '12', '2019-09-01', '112345677912345678', 'asdasfasf', '北1#102'),
       ('20190016', '张三', '7#1', '男', '2007-02-03', '12', '2019-09-01', '112345679912345678', 'asdasfasf', '北1#102'),
       ('20190017', '张三', '7#1', '男', '2007-02-03', '12', '2019-09-01', '112345618912345678', 'asdasfasf', '北1#103'),
       ('20190018', '张三', '7#1', '男', '2007-02-03', '12', '2019-09-01', '112345628912345678', 'asdasfasf', '北1#103'),
       ('20190019', '张三', '7#1', '男', '2007-02-03', '12', '2019-09-01', '112345638912345678', 'asdasfasf', '北1#103'),
       ('20190020', '张三', '7#1', '男', '2007-02-03', '12', '2019-09-01', '112345648912345678', 'asdasfasf', '北1#103'),
       ('20190021', '张三', '7#1', '男', '2007-02-03', '12', '2019-09-01', '112345658912345678', 'asdasfasf', '北1#103'),
       ('20190022', '张三', '7#1', '男', '2007-02-03', '12', '2019-09-01', '112345688912345678', 'asdasfasf', '北1#103'),
       ('20190023', '张三', '7#1', '男', '2007-02-03', '12', '2019-09-01', '112345698912345678', 'asdasfasf', '北1#103'),
       ('20190024', '张三', '7#1', '男', '2007-02-03', '12', '2019-09-01', '912315678912345678', 'asdasfasf', '北1#103'),
       ('20190025', '张三', '7#1', '男', '2007-02-03', '12', '2019-09-01', '912325678912345678', 'asdasfasf', '北1#103'),
       ('20190026', '张三', '7#1', '男', '2007-02-03', '12', '2019-09-01', '12335678912345678', 'asdasfasf', '北1#104'),
       ('20190027', '张三', '7#1', '男', '2007-02-03', '12', '2019-09-01', '912355678912345678', 'asdasfasf', '北1#104'),
       ('20190028', '张三', '7#1', '男', '2007-02-03', '12', '2019-09-01', '912375678912345678', 'asdasfasf', '北1#104'),
       ('20190029', '张三', '7#1', '男', '2007-02-03', '12', '2019-09-01', '912385678912345678', 'asdasfasf', '北1#104'),
       ('20190030', '张三', '7#1', '男', '2007-02-03', '12', '2019-09-01', '912395678912345678', 'asdasfasf', '北1#104'),
       ('20190031', '张三', '7#2', '男', '2007-02-03', '12', '2019-09-01', '912145678912345678', 'asdasfasf', '北1#104'),
       ('20190032', '张三', '7#2', '男', '2007-02-03', '12', '2019-09-01', '912245678912345678', 'asdasfasf', '北1#104'),
       ('20190033', '张三', '7#2', '男', '2007-02-03', '12', '2019-09-01', '912445678912345678', 'asdasfasf', '北1#104'),
       ('20190034', '张三', '7#2', '男', '2007-02-03', '12', '2019-09-01', '912545678912345678', 'asdasfasf', '北1#104'),
       ('20190035', '张三', '7#2', '男', '2007-02-03', '12', '2019-09-01', '912645678912345678', 'asdasfasf', '北1#105'),
       ('20190036', '张三', '7#2', '男', '2007-02-03', '12', '2019-09-01', '912745678912345678', 'asdasfasf', '北1#105'),
       ('20190037', '张三', '7#2', '男', '2007-02-03', '12', '2019-09-01', '912845678912345678', 'asdasfasf', '北1#105'),
       ('20190038', '张三', '7#2', '男', '2007-02-03', '12', '2019-09-01', '912945678912345678', 'asdasfasf', '北1#105'),
       ('20190039', '张三', '7#2', '男', '2007-02-03', '12', '2019-09-01', '912345678912345671', 'asdasfasf', '北1#105'),
       ('20190040', '张三', '7#2', '男', '2007-02-03', '12', '2019-09-01', '912345678912345672', 'asdasfasf', '北1#105'),
       ('20190041', '张三', '7#2', '男', '2007-02-03', '12', '2019-09-01', '912345678912345673', 'asdasfasf', '北1#105'),
       ('20190042', '张三', '7#2', '男', '2007-02-03', '12', '2019-09-01', '912345678912345674', 'asdasfasf', '北1#105'),
       ('20190043', '张三', '7#2', '男', '2007-02-03', '12', '2019-09-01', '912345678912345675', 'asdasfasf', '北1#105'),
       ('20190044', '张三', '7#2', '男', '2007-02-03', '12', '2019-09-01', '912345678912345676', 'asdasfasf', '北1#106'),
       ('20190045', '张三', '7#2', '男', '2007-02-03', '12', '2019-09-01', '912345678912345677', 'asdasfasf', '北1#106'),
       ('20190046', '张三', '7#2', '男', '2007-02-03', '12', '2019-09-01', '912345678912345678', 'asdasfasf', '北1#106'),
       ('20190047', '张三', '7#2', '男', '2007-02-03', '12', '2019-09-01', '912345678912345679', 'asdasfasf', '北1#106'),
       ('20190048', '张三', '7#2', '男', '2007-02-03', '12', '2019-09-01', '912345678912345610', 'asdasfasf', '北1#106'),
       ('20190049', '张三', '7#2', '男', '2007-02-03', '12', '2019-09-01', '912345678912345611', 'asdasfasf', '北1#106'),
       ('20190050', '张三', '7#2', '男', '2007-02-03', '12', '2019-09-01', '912345678912344478', 'asdasfasf', '北1#106'),
       ('20190051', '张三', '7#2', '男', '2007-02-03', '12', '2019-09-01', '912345678912348878', 'asdasfasf', '北1#106'),
       ('20190052', '张三', '7#2', '男', '2007-02-03', '12', '2019-09-01', '912345678912345578', 'asdasfasf', '北1#106'),
       ('20190053', '张三', '7#2', '男', '2007-02-03', '12', '2019-09-01', '912345678912346678', 'asdasfasf', '北1#107'),
       ('20190054', '张三', '7#2', '男', '2007-02-03', '12', '2019-09-01', '912345678912341078', 'asdasfasf', '北1#107'),
       ('20190055', '张三', '7#2', '男', '2007-02-03', '12', '2019-09-01', '912345678912340178', 'asdasfasf', '北1#107'),
       ('20190056', '张三', '7#2', '男', '2007-02-03', '12', '2019-09-01', '912345678912340278', 'asdasfasf', '北1#107'),
       ('20190057', '张三', '7#2', '男', '2007-02-03', '12', '2019-09-01', '912345678912340378', 'asdasfasf', '北1#107'),
       ('20190058', '张三', '7#2', '男', '2007-02-03', '12', '2019-09-01', '912345678912340478', 'asdasfasf', '北1#107'),
       ('20190059', '张三', '7#2', '男', '2007-02-03', '12', '2019-09-01', '912345678912340578', 'asdasfasf', '北1#107'),
       ('20190060', '张三', '7#2', '男', '2007-02-03', '12', '2019-09-01', '912345678912340978', 'asdasfasf', '北1#107'),
       ('20190061', '张三', '7#3', '男', '2007-02-03', '12', '2019-09-01', '912345678912340678', 'asdasfasf', '北1#107'),
       ('20190062', '张三', '7#3', '男', '2007-02-03', '12', '2019-09-01', '912345678912340778', 'asdasfasf', '北1#108'),
       ('20190063', '张三', '7#3', '男', '2007-02-03', '12', '2019-09-01', '912345678912345608', 'asdasfasf', '北1#108'),
       ('20190064', '张三', '7#3', '男', '2007-02-03', '12', '2019-09-01', '12345678912348678', 'asdasfasf', '北1#108'),
       ('20190065', '张三', '7#3', '男', '2007-02-03', '12', '2019-09-01', '912345678912444678', 'asdasfasf', '北1#108'),
       ('20190066', '张三', '7#3', '男', '2007-02-03', '12', '2019-09-01', '912345678912589678', 'asdasfasf', '北1#108'),
       ('20190067', '张三', '7#3', '男', '2007-02-03', '12', '2019-09-01', '912345678912753678', 'asdasfasf', '北1#108'),
       ('20190068', '张三', '7#3', '男', '2007-02-03', '12', '2019-09-01', '912345678912574678', 'asdasfasf', '北1#108'),
       ('20190069', '张三', '7#3', '男', '2007-02-03', '12', '2019-09-01', '912345678919515678', 'asdasfasf', '北1#108'),
       ('20190070', '张三', '7#3', '男', '2007-02-03', '12', '2019-09-01', '912345678912159678', 'asdasfasf', '北1#108'),
       ('20190071', '张三', '7#3', '男', '2007-02-03', '12', '2019-09-01', '912345678911111678', 'asdasfasf', '北1#109'),
       ('20190072', '张三', '7#3', '男', '2007-02-03', '12', '2019-09-01', '912345678912598678', 'asdasfasf', '北1#109'),
       ('20190073', '张三', '7#3', '男', '2007-02-03', '12', '2019-09-01', '912345678912369678', 'asdasfasf', '北1#109'),
       ('20190074', '张三', '7#3', '男', '2007-02-03', '12', '2019-09-01', '912345678912123678', 'asdasfasf', '北1#109'),
       ('20190075', '张三', '7#3', '男', '2007-02-03', '12', '2019-09-01', '912345678912234678', 'asdasfasf', '北1#109'),
       ('20190076', '张三', '7#3', '男', '2007-02-03', '12', '2019-09-01', '912345678912456678', 'asdasfasf', '北1#109'),
       ('20190077', '张三', '7#3', '男', '2007-02-03', '12', '2019-09-01', '91234567891256678', 'asdasfasf', '北1#109'),
       ('20190078', '张三', '7#3', '男', '2007-02-03', '12', '2019-09-01', '912345678916785678', 'asdasfasf', '北1#109'),
       ('20190079', '张三', '7#3', '男', '2007-02-03', '12', '2019-09-01', '912345678917895678', 'asdasfasf', '北1#109'),
       ('20190080', '张三', '7#3', '男', '2007-02-03', '12', '2019-09-01', '912345678919105678', 'asdasfasf', '北1#110'),
       ('20190081', '张三', '7#3', '男', '2007-02-03', '12', '2019-09-01', '912345678919125678', 'asdasfasf', '北1#110'),
       ('20190082', '张三', '7#3', '男', '2007-02-03', '12', '2019-09-01', '91234567878955678', 'asdasfasf', '北1#110'),
       ('20190083', '张三', '7#3', '男', '2007-02-03', '12', '2019-09-01', '912345678852145678', 'asdasfasf', '北1#110'),
       ('20190084', '张三', '7#3', '男', '2007-02-03', '12', '2019-09-01', '912345678456945678', 'asdasfasf', '北1#110'),
       ('20190085', '张三', '7#3', '男', '2007-02-03', '12', '2019-09-01', '912345674563745678', 'asdasfasf', '北1#110'),
       ('20190086', '张三', '7#3', '男', '2007-02-03', '12', '2019-09-01', '912345678789145678', 'asdasfasf', '北1#110'),
       ('20190087', '张三', '7#3', '男', '2007-02-03', '12', '2019-09-01', '912345678789245678', 'asdasfasf', '北1#110'),
       ('20190088', '张三', '7#3', '男', '2007-02-03', '12', '2019-09-01', '912345678789345678', 'asdasfasf', '北1#110'),
       ('20190089', '张三', '7#3', '男', '2007-02-03', '12', '2019-09-01', '912345678789445678', 'asdasfasf', '北1#111'),
       ('20190090', '张三', '7#3', '男', '2007-02-03', '12', '2019-09-01', '912345678789545678', 'asdasfasf', '北1#111'),
       ('20190091', '张三', '7#4', '男', '2007-02-03', '12', '2019-09-01', '912345678789645678', 'asdasfasf', '北1#111'),
       ('20190092', '张三', '7#4', '男', '2007-02-03', '12', '2019-09-01', '912345678789745678', 'asdasfasf', '北1#111'),
       ('20190093', '张三', '7#4', '男', '2007-02-03', '12', '2019-09-01', '912345678789845678', 'asdasfasf', '北1#111'),
       ('20190094', '张三', '7#4', '男', '2007-02-03', '12', '2019-09-01', '912345678789945678', 'asdasfasf', '北1#111'),
       ('20190095', '张三', '7#4', '男', '2007-02-03', '12', '2019-09-01', '912345678975321678', 'asdasfasf', '北1#111'),
       ('20190096', '张三', '7#4', '男', '2007-02-03', '12', '2019-09-01', '912345678456789678', 'asdasfasf', '北1#111'),
       ('20190097', '张三', '7#4', '男', '2007-02-03', '12', '2019-09-01', '192345678945612678', 'asdasfasf', '北1#111'),
       ('20190098', '张三', '7#4', '男', '2007-02-03', '12', '2019-09-01', '912345678915975378', 'asdasfasf', '北1#201'),
       ('20190099', '张三', '7#4', '男', '2007-02-03', '12', '2019-09-01', '912345678945872678', 'asdasfasf', '北1#201'),
       ('20190100', '张三', '7#4', '男', '2007-02-03', '12', '2019-09-01', '912345678912951678', 'asdasfasf', '北1#201'),
       ('20190101', '张三', '7#4', '男', '2007-02-03', '12', '2019-09-01', '912345678919368678', 'asdasfasf', '北1#201'),
       ('20190102', '张三', '7#4', '男', '2007-02-03', '12', '2019-09-01', '912345678912795679', 'asdasfasf', '北1#201'),
       ('20190103', '张三', '7#4', '男', '2007-02-03', '12', '2019-09-01', '912345678912754778', 'asdasfasf', '北1#201'),
       ('20190104', '张三', '7#4', '男', '2007-02-03', '12', '2019-09-01', '912345678918967678', 'asdasfasf', '北1#201'),
       ('20190105', '张三', '7#4', '男', '2007-02-03', '12', '2019-09-01', '912345678912452678', 'asdasfasf', '北1#201'),
       ('20190106', '张三', '7#4', '男', '2007-02-03', '12', '2019-09-01', '912345678912736678', 'asdasfasf', '北1#201'),
       ('20190107', '张三', '7#4', '男', '2007-02-03', '12', '2019-09-01', '12345678912791678', 'asdasfasf', '北1#202'),
       ('20190108', '张三', '7#4', '男', '2007-02-03', '12', '2019-09-01', '9912345678912792678', 'asdasfasf', '北1#202'),
       ('20190109', '张三', '7#4', '男', '2007-02-03', '12', '2019-09-01', '12345678912793678', 'asdasfasf', '北1#202'),
       ('20190110', '张三', '7#4', '男', '2007-02-03', '12', '2019-09-01', '912345678912794678', 'asdasfasf', '北1#202'),
       ('20190111', '张三', '7#4', '男', '2007-02-03', '12', '2019-09-01', '912345678912795678', 'asdasfasf', '北1#202'),
       ('20190112', '张三', '7#4', '男', '2007-02-03', '12', '2019-09-01', '91234567891796678', 'asdasfasf', '北1#202'),
       ('20190113', '张三', '7#4', '男', '2007-02-03', '12', '2019-09-01', '912345678917455678', 'asdasfasf', '北1#202'),
       ('20190114', '张三', '7#4', '男', '2007-02-03', '12', '2019-09-01', '912345678917425678', 'asdasfasf', '北1#202'),
       ('20190115', '张三', '7#4', '男', '2007-02-03', '12', '2019-09-01', '912345678917435678', 'asdasfasf', '北1#202'),
       ('20190116', '张三', '7#4', '男', '2007-02-03', '12', '2019-09-01', '912345678917485678', 'asdasfasf', '北1#203'),
       ('20190117', '张三', '7#4', '男', '2007-02-03', '12', '2019-09-01', '912345678917865678', 'asdasfasf', '北1#203'),
       ('20190118', '张三', '7#4', '男', '2007-02-03', '12', '2019-09-01', '912345678917495678', 'asdasfasf', '北1#203'),
       ('20190119', '张三', '7#4', '男', '2007-02-03', '12', '2019-09-01', '912345678917465678', 'asdasfasf', '北1#203'),
       ('20190120', '张三', '7#4', '男', '2007-02-03', '12', '2019-09-01', '912345678917805678', 'asdasfasf', '北1#203');
insert into course(id, name, course_type, start_time, teacher_id)
VALUES ('154711', '语文', '必修', '1', '2019001'),
       ('154712', '语文', '必修', '2', '2019001'),
       ('154713', '语文', '必修', '3', '2019001'),
       ('154714', '语文', '必修', '4', '2019001'),
       ('154715', '语文', '必修', '5', '2019001'),
       ('154716', '语文', '必修', '6', '2019001'),
       ('154711', '语文', '必修', '1', '2019002'),
       ('154712', '语文', '必修', '2', '2019002'),
       ('154713', '语文', '必修', '3', '2019002'),
       ('154714', '语文', '必修', '4', '2019002'),
       ('154715', '语文', '必修', '5', '2019002'),
       ('154716', '语文', '必修', '6', '2019002'),
       ('154721', '数学', '必修', '1', '2019003'),
       ('154722', '数学', '必修', '2', '2019003'),
       ('154723', '数学', '必修', '3', '2019003'),
       ('154724', '数学', '必修', '4', '2019003'),
       ('154725', '数学', '必修', '5', '2019003'),
       ('154726', '数学', '必修', '6', '2019003'),
       ('154721', '数学', '必修', '1', '2019004'),
       ('154722', '数学', '必修', '2', '2019004'),
       ('154723', '数学', '必修', '3', '2019004'),
       ('154724', '数学', '必修', '4', '2019004'),
       ('154725', '数学', '必修', '5', '2019004'),
       ('154726', '数学', '必修', '6', '2019004'),
       ('154731', '英语', '必修', '1', '2019005'),
       ('154732', '英语', '必修', '2', '2019005'),
       ('154733', '英语', '必修', '3', '2019005'),
       ('154734', '英语', '必修', '4', '2019005'),
       ('154735', '英语', '必修', '5', '2019005'),
       ('154736', '英语', '必修', '6', '2019005'),
       ('154731', '英语', '必修', '1', '2019006'),
       ('154732', '英语', '必修', '2', '2019006'),
       ('154733', '英语', '必修', '3', '2019006'),
       ('154734', '英语', '必修', '4', '2019006'),
       ('154735', '英语', '必修', '5', '2019006'),
       ('154736', '英语', '必修', '6', '2019006'),
       ('154741', '计算机', '必修', '1', '2019007'),
       ('154742', '计算机', '必修', '2', '2019007'),
       ('154743', '计算机', '必修', '3', '2019007'),
       ('154744', '计算机', '必修', '4', '2019007'),
       ('154745', '计算机', '必修', '5', '2019007'),
       ('154746', '计算机', '必修', '6', '2019007'),
       ('154741', '计算机', '必修', '1', '2019008'),
       ('154742', '计算机', '必修', '2', '2019008'),
       ('154743', '计算机', '必修', '3', '2019008'),
       ('154744', '计算机', '必修', '4', '2019008'),
       ('154745', '计算机', '必修', '5', '2019008'),
       ('154746', '计算机', '必修', '6', '2019008'),
       ('154751', '生物', '必修', '1', '2019009'),
       ('154752', '生物', '必修', '2', '2019009'),
       ('154753', '生物', '必修', '3', '2019009'),
       ('154754', '生物', '必修', '4', '2019009'),
       ('154755', '生物', '必修', '5', '2019009'),
       ('154756', '生物', '必修', '6', '2019009'),
       ('154751', '生物', '必修', '1', '2019010'),
       ('154752', '生物', '必修', '2', '2019010'),
       ('154753', '生物', '必修', '3', '2019010'),
       ('154754', '生物', '必修', '4', '2019010'),
       ('154755', '生物', '必修', '5', '2019010'),
       ('154756', '生物', '必修', '6', '2019010'),
       ('154761', '化学', '必修', '1', '2019011'),
       ('154762', '化学', '必修', '2', '2019011'),
       ('154763', '化学', '必修', '3', '2019011'),
       ('154764', '化学', '必修', '4', '2019011'),
       ('154765', '化学', '必修', '5', '2019011'),
       ('154766', '化学', '必修', '6', '2019011'),
       ('154761', '化学', '必修', '1', '2019012'),
       ('154762', '化学', '必修', '2', '2019012'),
       ('154763', '化学', '必修', '3', '2019012'),
       ('154764', '化学', '必修', '4', '2019012'),
       ('154765', '化学', '必修', '5', '2019012'),
       ('154766', '化学', '必修', '6', '2019012'),
       ('154771', '物理', '必修', '1', '2019013'),
       ('154772', '物理', '必修', '2', '2019013'),
       ('154773', '物理', '必修', '3', '2019013'),
       ('154774', '物理', '必修', '4', '2019013'),
       ('154775', '物理', '必修', '5', '2019013'),
       ('154776', '物理', '必修', '6', '2019013'),
       ('154771', '物理', '必修', '1', '2019014'),
       ('154772', '物理', '必修', '2', '2019014'),
       ('154773', '物理', '必修', '3', '2019014'),
       ('154774', '物理', '必修', '4', '2019014'),
       ('154775', '物理', '必修', '5', '2019014'),
       ('154776', '物理', '必修', '6', '2019014'),
       ('154781', '地理', '必修', '1', '2019015'),
       ('154782', '地理', '必修', '2', '2019015'),
       ('154783', '地理', '必修', '3', '2019015'),
       ('154784', '地理', '必修', '4', '2019015'),
       ('154785', '地理', '必修', '5', '2019015'),
       ('154786', '地理', '必修', '6', '2019015'),
       ('154781', '地理', '必修', '1', '2019016'),
       ('154782', '地理', '必修', '2', '2019016'),
       ('154783', '地理', '必修', '3', '2019016'),
       ('154784', '地理', '必修', '4', '2019016'),
       ('154785', '地理', '必修', '5', '2019016'),
       ('154786', '地理', '必修', '6', '2019016'),
       ('154791', '历史', '必修', '1', '2019017'),
       ('154792', '历史', '必修', '2', '2019017'),
       ('154793', '历史', '必修', '3', '2019017'),
       ('154794', '历史', '必修', '4', '2019017'),
       ('154795', '历史', '必修', '5', '2019017'),
       ('154796', '历史', '必修', '6', '2019017'),
       ('154791', '历史', '必修', '1', '2019018'),
       ('154792', '历史', '必修', '2', '2019018'),
       ('154793', '历史', '必修', '3', '2019018'),
       ('154794', '历史', '必修', '4', '2019018'),
       ('154795', '历史', '必修', '5', '2019018'),
       ('154796', '历史', '必修', '6', '2019018'),
       ('154631', '政治', '必修', '1', '2019019'),
       ('154632', '政治', '必修', '2', '2019019'),
       ('154633', '政治', '必修', '3', '2019019'),
       ('154634', '政治', '必修', '4', '2019019'),
       ('154635', '政治', '必修', '5', '2019019'),
       ('154636', '政治', '必修', '6', '2019019'),
       ('154631', '政治', '必修', '1', '2019020'),
       ('154632', '政治', '必修', '2', '2019020'),
       ('154633', '政治', '必修', '3', '2019020'),
       ('154634', '政治', '必修', '4', '2019020'),
       ('154635', '政治', '必修', '5', '2019020'),
       ('154636', '政治', '必修', '6', '2019020'),
       ('154621', '美术', '必修', '1', '2019021'),
       ('154622', '美术', '必修', '2', '2019021'),
       ('154623', '美术', '必修', '3', '2019021'),
       ('154624', '美术', '必修', '4', '2019021'),
       ('154625', '美术', '必修', '5', '2019021'),
       ('154626', '美术', '必修', '6', '2019021'),
       ('154621', '美术', '必修', '1', '2019022'),
       ('154622', '美术', '必修', '2', '2019022'),
       ('154623', '美术', '必修', '3', '2019022'),
       ('154624', '美术', '必修', '4', '2019022'),
       ('154625', '美术', '必修', '5', '2019022'),
       ('154626', '美术', '必修', '6', '2019022'),
       ('154611', '音乐', '必修', '1', '2019023'),
       ('154612', '音乐', '必修', '2', '2019023'),
       ('154613', '音乐', '必修', '3', '2019023'),
       ('154614', '音乐', '必修', '4', '2019023'),
       ('154615', '音乐', '必修', '5', '2019023'),
       ('154616', '音乐', '必修', '6', '2019023'),
       ('154611', '音乐', '必修', '1', '2019024'),
       ('154612', '音乐', '必修', '2', '2019024'),
       ('154613', '音乐', '必修', '3', '2019024'),
       ('154614', '音乐', '必修', '4', '2019024'),
       ('154615', '音乐', '必修', '5', '2019024'),
       ('154616', '音乐', '必修', '6', '2019024')